{
  "x": -5.960050494046217,
  "y": -57.37205370291703,
  "z": 7.080071465999064
}