{
  "captured_by": "Warzone",
  "cord_x": -25.67038218852728,
  "cord_y": -54.888659584258434,
  "cord_z": 3.4091760069636545
}