{
  "captured_by": "Warzone",
  "cord_x": -24.959133967087066,
  "cord_y": -54.888659584258434,
  "cord_z": 23.613954424672315
}