{
  "captured_by": "Warzone",
  "cord_x": -24.42889284391271,
  "cord_y": -54.888659584258434,
  "cord_z": 38.9164228007553
}