{
  "captured_by": "Warzone",
  "cord_x": -26.21352808077495,
  "cord_y": -54.888659584258434,
  "cord_z": -11.584546709607945
}