{
  "captured_by": "Warzone",
  "cord_x": -24.27999785581903,
  "cord_y": -55.59222716877511,
  "cord_z": -7.550573453443704
}