{
  "captured_by": "Warzone",
  "cord_x": -24.308864403934773,
  "cord_y": -55.59222716877511,
  "cord_z": -24.2067881838746
}