{
  "captured_by": "Warzone",
  "cord_x": -23.35497512551738,
  "cord_y": -54.888659584258434,
  "cord_z": -19.389835182840226
}