{
  "captured_by": "Erinium",
  "cord_x": -5.960050494046217,
  "cord_y": -57.37205370291703,
  "cord_z": 7.080071465999064
}