{
  "captured_by": "Safezone",
  "cord_x": -4.4875132178929915,
  "cord_y": -54.888659584258434,
  "cord_z": 22.752088313669457
}