{
  "captured_by": "Warzone",
  "cord_x": -5.835066538038389,
  "cord_y": -54.888659584258434,
  "cord_z": 41.25721297557674
}