{
  "captured_by": "Warzone",
  "cord_x": -5.146674440722005,
  "cord_y": -54.888659584258434,
  "cord_z": -19.60249212733922
}