{
  "captured_by": "Safezone",
  "cord_x": -7.7319567516436685,
  "cord_y": -54.888659584258434,
  "cord_z": -8.8926539945806
}