{
  "captured_by": "Safezone",
  "cord_x": -7.614910286941609,
  "cord_y": -56.34205793197625,
  "cord_z": -7.509077326093817
}