{
  "captured_by": "Warzone",
  "cord_x": -5.382873651221361,
  "cord_y": -55.59222716877511,
  "cord_z": -23.25432358478844
}