{
  "x": -539.1402890151066,
  "y": -54.84141670183747,
  "z": 26.592460141498243
}