{
  "x": 19.67835080994396,
  "y": -60.0,
  "z": -37.31524201035122
}