{
  "captured_by": "Erinium",
  "cord_x": -539.1402890151066,
  "cord_y": -54.84141670183747,
  "cord_z": 26.592460141498243
}