{
  "level": 10.0,
  "xp": 604.8283235574401,
  "cap_xp": 1239.1138067293227,
  "old_cap_xp": 1131.610782401208,
  "xp_multiplier": 0.8339017358584585
}