{
  "captured_by": "Erinium",
  "cord_x": 19.67835080994396,
  "cord_y": -60.0,
  "cord_z": -37.31524201035122
}