{
  "level": 2.0,
  "xp": 531.0296,
  "cap_xp": 599.5124999999999,
  "old_cap_xp": 547.5,
  "xp_multiplier": 0.964324
}