{
  "level": 4.0,
  "xp": 227.15992170000015,
  "cap_xp": 718.8304753124999,
  "old_cap_xp": 656.4661874999999,
  "xp_multiplier": 0.929920776976
}