{
  "level": 9.0,
  "xp": 659.2622486249033,
  "cap_xp": 1131.610782401208,
  "old_cap_xp": 1033.4345044759891,
  "xp_multiplier": 0.8491871037255179
}