{
  "x": 9.211810977293894,
  "y": -57.37205370291703,
  "z": 3.369930983478865
}