{
  "x": 8.195987561867751,
  "y": -58.12316631040196,
  "z": 19.549402085216087
}