{
  "captured_by": "Warzone",
  "cord_x": -25.040711269585966,
  "cord_y": -55.59222716877511,
  "cord_z": 5.6452649228447385
}