{
  "captured_by": "Warzone",
  "cord_x": -25.46726727244968,
  "cord_y": -55.59222716877511,
  "cord_z": 23.079435494378018
}