{
  "captured_by": "Warzone",
  "cord_x": -24.264747361458273,
  "cord_y": -55.59222716877511,
  "cord_z": 37.79572905178182
}