{
  "captured_by": "Safezone",
  "cord_x": -9.294210691245235,
  "cord_y": -56.34205793197625,
  "cord_z": 5.576575625433819
}