{
  "captured_by": "Safezone",
  "cord_x": -9.22705130117384,
  "cord_y": -56.34205793197625,
  "cord_z": 22.60320591994281
}