{
  "captured_by": "Warzone",
  "cord_x": -8.838029091006684,
  "cord_y": -55.59222716877511,
  "cord_z": 39.99872802654744
}