{
  "captured_by": "Warzone",
  "cord_x": 11.345861093869518,
  "cord_y": -55.59222716877511,
  "cord_z": -23.349896153824332
}