{
  "captured_by": "Safezone",
  "cord_x": 9.317713949617675,
  "cord_y": -56.34205793197625,
  "cord_z": -8.781330724279284
}