{
  "captured_by": "Warzone",
  "cord_x": 24.461703938105394,
  "cord_y": -56.34205793197625,
  "cord_z": -20.20663862752117
}