{
  "captured_by": "Safezone",
  "cord_x": 25.344606187983253,
  "cord_y": -56.34205793197625,
  "cord_z": -7.574273419083036
}