{
  "captured_by": "Warzone",
  "cord_x": 36.604205352697306,
  "cord_y": -55.59222716877511,
  "cord_z": -22.466668354976655
}