{
  "captured_by": "Warzone",
  "cord_x": 38.0016396062464,
  "cord_y": -55.59222716877511,
  "cord_z": -5.89923546503065
}