{
  "captured_by": "Erinium",
  "cord_x": 6.408539286344184,
  "cord_y": -58.12316631040196,
  "cord_z": 6.395393682323111
}