{
  "captured_by": "Safezone",
  "cord_x": 10.237455020128943,
  "cord_y": -56.34205793197625,
  "cord_z": 8.928486178578655
}