{
  "captured_by": "Safezone",
  "cord_x": 7.306346854179733,
  "cord_y": -56.34205793197625,
  "cord_z": 26.654564945054208
}