{
  "captured_by": "Erinium",
  "cord_x": 8.195987561867751,
  "cord_y": -58.12316631040196,
  "cord_z": 19.549402085216087
}