{
  "captured_by": "Warzone",
  "cord_x": 5.416162416826826,
  "cord_y": -55.59222716877511,
  "cord_z": 39.57165549032616
}