{
  "captured_by": "Warzone",
  "cord_x": 8.343152946630992,
  "cord_y": -54.888659584258434,
  "cord_z": 35.47875217383943
}