{
  "captured_by": "Warzone",
  "cord_x": 11.180332341532296,
  "cord_y": -54.888659584258434,
  "cord_z": -23.381361029191606
}