{
  "captured_by": "Safezone",
  "cord_x": -0.2841247686432575,
  "cord_y": -56.0180489668661,
  "cord_z": -5.647213735304922
}