{
  "captured_by": "Safezone",
  "cord_x": 26.432081935991405,
  "cord_y": -56.34205793197625,
  "cord_z": 8.064239887246737
}