{
  "captured_by": "Safezone",
  "cord_x": 21.371712495524424,
  "cord_y": -54.888659584258434,
  "cord_z": 9.17346233886237
}