{
  "captured_by": "Safezone",
  "cord_x": 21.437556969871924,
  "cord_y": -54.888659584258434,
  "cord_z": 20.825572910188242
}