{
  "captured_by": "Safezone",
  "cord_x": 21.051081503124532,
  "cord_y": -56.34205793197625,
  "cord_z": 24.997611232396313
}