{
  "captured_by": "Warzone",
  "cord_x": 20.65380014593476,
  "cord_y": -54.888659584258434,
  "cord_z": 37.05380510910345
}