{
  "captured_by": "Warzone",
  "cord_x": 22.63195923730955,
  "cord_y": -55.59222716877511,
  "cord_z": 39.15139364454001
}