{
  "captured_by": "Warzone",
  "cord_x": 27.39150718967673,
  "cord_y": -54.888659584258434,
  "cord_z": -22.894830581059143
}