{
  "captured_by": "Safezone",
  "cord_x": 21.682064422309313,
  "cord_y": -54.888659584258434,
  "cord_z": -5.678688708856809
}