{
  "captured_by": "Warzone",
  "cord_x": 39.303944295998775,
  "cord_y": -55.59222716877511,
  "cord_z": 9.593400643697143
}