{
  "captured_by": "Warzone",
  "cord_x": 39.023064248086094,
  "cord_y": -54.888659584258434,
  "cord_z": 9.937438618802867
}