{
  "captured_by": "Warzone",
  "cord_x": 39.17604721627639,
  "cord_y": -54.888659584258434,
  "cord_z": 27.504393184970684
}