{
  "captured_by": "Warzone",
  "cord_x": 40.42517239295236,
  "cord_y": -55.59222716877511,
  "cord_z": 23.380054748369805
}