{
  "captured_by": "Warzone",
  "cord_x": 37.46236764297872,
  "cord_y": -55.59222716877511,
  "cord_z": 38.796509721663604
}