{
  "captured_by": "Warzone",
  "cord_x": 34.58281158711152,
  "cord_y": -54.888659584258434,
  "cord_z": 37.44080721414127
}