{
  "captured_by": "Warzone",
  "cord_x": 36.17884595570986,
  "cord_y": -54.888659584258434,
  "cord_z": -20.2044935544969
}