{
  "captured_by": "Warzone",
  "cord_x": 38.35758370561705,
  "cord_y": -54.888659584258434,
  "cord_z": -4.315141453604922
}